name_formal,state,gov_type,country_code,official_count,term_length,url,upcoming_election,ue_remarks,ue_url_1,special,runoff,lat,lon,next_election_display
Western Australian Legislative Assembly,WA,STATE,AS,59,maximum of 4 years,https://www.parliament.wa.gov.au/,2021-03-13 05:00:00+00:00,,,False,False,-31.467450387132356,116.61742585180949,"Mar 13, 2021"
Western Australian Legislative Council,WA,STATE,AS,36,4 years,https://www.parliament.wa.gov.au/,2021-03-13 05:00:00+00:00,,,False,False,-31.467450387132356,116.61742585180949,"Mar 13, 2021"
Gainesville City Commission,FL,LOCAL,US,7,4 years,http://www.cityofgainesville.org/CityCommission.aspx,2021-03-16 05:00:00+00:00,"District 1, At Large 1",https://www.cityofgainesville.org/ClerkOfTheCommission/CityElections.aspx,False,False,29.671579870520834,-82.34783738262436,"Mar 16, 2021"
Anchorage Mayor,AK,LOCAL,US,1,3 years,http://www.muni.org/mayor/,2021-04-06 05:00:00+00:00,,,False,False,61.16039628110558,-149.52270729223233,"Apr 06, 2021"
Springfield City Council,MO,LOCAL,US,8,4 years,https://www.springfieldmo.gov/145/City-Council,2021-04-06 05:00:00+00:00,,,False,False,37.19206435352828,-93.29175759635461,"Apr 06, 2021"
Elgin City Council,IL,LOCAL,US,9,4 years,http://www.cityofelgin.org/index.aspx?nid=77,2021-04-06 05:00:00+00:00,,,False,False,42.03846602637594,-88.32267182002734,"Apr 06, 2021"
Rockford Mayor,IL,LOCAL,US,1,4 years,http://rockfordil.gov/mayors-office/,2021-04-06 05:00:00+00:00,Mayor and all 14 wards,,False,False,42.268638871163446,-89.0643607877167,"Apr 06, 2021"
Rockford City Council,IL,LOCAL,US,14,4 years,http://rockfordil.gov/city-council/,2021-04-06 05:00:00+00:00,Mayor and all 14 wards,,False,False,42.268638871163446,-89.0643607877167,"Apr 06, 2021"
Joliet City Council,IL,LOCAL,US,9,4 years,http://cityofjoliet.info/government/city-council,2021-04-06 05:00:00+00:00,All at-large seats,,False,False,41.53279264223287,-88.14939151256605,"Apr 06, 2021"
Aurora Mayor,IL,LOCAL,US,1,4 years,https://www.aurora-il.org/810/Mayors-Office,2021-04-06 05:00:00+00:00,,,False,False,41.75874348547432,-88.29096000723672,"Apr 06, 2021"
Fort Collins City Council,CO,LOCAL,US,6,4 years,https://www.fcgov.com/council/,2021-04-06 05:00:00+00:00,,,False,False,40.54886005502681,-105.07138521414107,"Apr 06, 2021"
Fort Collins Mayor,CO,LOCAL,US,1,2 years,https://www.fcgov.com/council/,2021-04-06 05:00:00+00:00,,,False,False,40.54886005502681,-105.07138521414107,"Apr 06, 2021"
Madison Common Council,WI,LOCAL,US,20,2 years,http://www.cityofmadison.com/council/,2021-04-06 05:00:00+00:00,All 20 seats,,False,False,43.0742768109256,-89.4055655385773,"Apr 06, 2021"
Wichita City Council,KS,LOCAL,US,6,4 years,https://www.wichita.gov/Council/Pages/default.aspx,2021-04-06 05:00:00+00:00,"Districts 1, 3, 6",,False,False,37.69069470742279,-97.34317023486336,"Apr 06, 2021"
Broken Arrow City Council,OK,LOCAL,US,5,4 years,http://www.brokenarrowok.gov/142/City-Council,2021-04-06 05:00:00+00:00,2 seats,,False,False,36.03661849988024,-95.78095414606894,"Apr 06, 2021"
Oklahoma City City Council,OK,LOCAL,US,8,4 years,http://www.okc.gov/council/,2021-04-06 05:00:00+00:00,"District 1, 3, 4, and 7.","https://ballotpedia.org/Oklahoma_City,_Oklahoma",False,False,35.478668125649115,-97.54417953261166,"Apr 06, 2021"
Springfield Mayor,MO,LOCAL,US,1,2 years,https://www.springfieldmo.gov/,2021-04-06 05:00:00+00:00,,,False,False,37.19206435352828,-93.29175759635461,"Apr 06, 2021"
Lakeland City Commission,FL,LOCAL,US,7,4 years,https://www.lakelandgov.net/government/mayor-city-commission/,2021-04-06 05:00:00+00:00,Southeast District. Scott Franklin ran successful bid for congress. Don Selvage is serving as interim commissioner until Special Election.,,False,False,28.05897203052868,-81.96473344163266,"Apr 06, 2021"
Peoria City Council,IL,LOCAL,US,11,4 years,http://www.peoriagov.org/city-council/,2021-04-06 05:00:00+00:00,Mayor and 5 numbered districts,,False,False,40.739926489360606,-89.6148261700478,"Apr 06, 2021"
St. Louis Board of Aldermen,MO,LOCAL,US,29,4 years,https://www.stlouis-mo.gov/government/departments/aldermen/,2021-04-06 05:00:00+00:00,,,False,False,38.6255516941337,-90.25118580204966,"Apr 06, 2021"
Columbia City Council,MO,LOCAL,US,7,3 years,http://www.como.gov/council/council-members/,2021-04-06 05:00:00+00:00,Wards 2 and 6,,False,False,38.9471441947662,-92.33432394154181,"Apr 06, 2021"
Naperville City Council,IL,LOCAL,US,9,4 years,http://www.naperville.il.us/government/meet-your-city-council/,2021-04-06 05:00:00+00:00,4 seats,,False,False,41.748261841627354,-88.16562837892633,"Apr 06, 2021"
Colorado Springs City Council,CO,LOCAL,US,9,4 years,https://coloradosprings.gov/city-council,2021-04-06 05:00:00+00:00,Districts 1-6,,False,False,38.86675953231465,-104.7731643835149,"Apr 06, 2021"
Jefferson City Council,MO,LOCAL,US,10,2 years,https://www.jeffersoncitymo.gov/government/council_members.php,2021-04-06 05:00:00+00:00,1 seat from each of 5 wards,,False,False,38.559165952111705,-92.18331090184476,"Apr 06, 2021"
Aurora City Council,IL,LOCAL,US,12,4 years,https://www.aurora-il.org/222/Aldermens-Office,2021-04-06 05:00:00+00:00,"2 at-large seats, districts 2, 4, 7, 9, 10",,False,False,41.75874348547432,-88.29096000723672,"Apr 06, 2021"
St. Louis Mayor,MO,LOCAL,US,1,,https://www.stlouis-mo.gov/government/departments/mayor/,2021-04-06 05:00:00+00:00,,,False,False,38.6255516941337,-90.25118580204966,"Apr 06, 2021"
McAllen City Commission,TX,LOCAL,US,7,4 years,http://www.mcallen.net/departments/commission,2021-05-01 05:00:00+00:00,,,False,False,26.226937161496217,-98.24587895003492,"May 01, 2021"
Fort Worth City Council,TX,LOCAL,US,8,2 years,http://fortworthtexas.gov/government/,2021-05-01 05:00:00+00:00,,,False,False,32.76029799475639,-97.33746447325295,"May 01, 2021"
Brownsville City Commission,TX,LOCAL,US,7,4 years,http://www.cob.us/807/City-Commission,2021-05-01 05:00:00+00:00,"AL-B, 3, 4",,False,False,25.967824013152587,-97.46543200763071,"May 01, 2021"
Lewisville Mayor,TX,LOCAL,US,1,3 years,,2021-05-01 05:00:00+00:00,Mayor and City Council positions,,False,False,33.04527001162522,-96.98234200937068,"May 01, 2021"
Arlington City Council,TX,LOCAL,US,8,2 years,http://www.arlington-tx.gov/citycouncil/,2021-05-01 05:00:00+00:00,Mayor and 4 council seats.,,False,False,32.69802586173272,-97.1230952560109,"May 01, 2021"
Dallas City Council,TX,LOCAL,US,14,2 years,http://dallascityhall.com/government/Pages/city-council.aspx,2021-05-01 05:00:00+00:00,,https://dallascityhall.com/government/citysecretary/elections/Pages/elections.aspx,False,False,32.81077862201766,-96.7769857166466,"May 01, 2021"
Amarillo City Council,TX,LOCAL,US,5,2 years,http://amarillo.gov/city-hall/city-government/mayor-council-members,2021-05-01 05:00:00+00:00,All,,False,False,35.19882750980941,-101.83078752622721,"May 01, 2021"
San Antonio Mayor,TX,LOCAL,US,1,2 years,http://www.sanantonio.gov/mayor/,2021-05-01 05:00:00+00:00,Mayor and all council seats,https://www.sanantonio.gov/ElectionsCampaignFinance,False,False,29.472206744958783,-98.52841630261986,"May 01, 2021"
San Antonio City Council,TX,LOCAL,US,10,2 years,http://www.sanantonio.gov/council/,2021-05-01 05:00:00+00:00,Mayor and all council seats,https://www.sanantonio.gov/ElectionsCampaignFinance,False,False,29.472206744958783,-98.52841630261986,"May 01, 2021"
Fort Worth Mayor,TX,LOCAL,US,1,2 years,http://fortworthtexas.gov/mayor/,2021-05-01 05:00:00+00:00,,,False,False,32.76029799475639,-97.33746447325295,"May 01, 2021"
Arlington Mayor,TX,LOCAL,US,1,,https://www.arlingtontx.gov/city_hall/government/mayor,2021-05-01 05:00:00+00:00,Mayor and 4 council seats.,,False,False,32.69802586173272,-97.1230952560109,"May 01, 2021"
Pasadena City Council,TX,LOCAL,US,9,"2 years for Councilmembers, 4 years for Mayor",https://www.pasadenatx.gov/406/City-Council,2021-05-01 05:00:00+00:00,,,False,False,29.670917091556895,-95.16814139651392,"May 01, 2021"
Abilene City Council,TX,LOCAL,US,7,3 years,https://www.abilenetx.gov/526/City-Council,2021-05-01 05:00:00+00:00,Place 1 and Place 2,https://www.abilenetx.gov/943/2021-Elections,False,False,32.4542801997807,-99.73840044279189,"May 01, 2021"
Allen City Council,TX,LOCAL,US,7,3 years,https://www.cityofallen.org/917/Allen-City-Council,2021-05-01 05:00:00+00:00,"Places 1, 3, 5",,False,False,33.10877457111427,-96.67351515153686,"May 01, 2021"
Frisco City Council,TX,LOCAL,US,6,3 years,http://www.friscotexas.gov/585/City-Council,2021-05-01 05:00:00+00:00,"districts 1, 3",,False,False,33.15526038246221,-96.82187259493811,"May 01, 2021"
Irving City Council,TX,LOCAL,US,8,3 years,http://cityofirving.org/210/Meet-Your-Mayor-and-Council,2021-05-01 05:00:00+00:00,"Places 4, 6 and 8.",,False,False,32.853748792009235,-96.96687914584416,"May 01, 2021"
Round Rock City Council,TX,LOCAL,US,7,3 years,https://www.roundrocktexas.gov/about/city-council/,2021-05-01 05:00:00+00:00,Places 3 and 5,,False,False,30.5253925639165,-97.66611286836232,"May 01, 2021"
Carrollton City Council,TX,LOCAL,US,8,3 years,https://www.cityofcarrollton.com/government/city-manager-s-office/city-secretary/city-council-191,2021-05-01 05:00:00+00:00,"Places 1, 3, 5 and 7",http://www.cityofcarrollton.com/government/city-council/elections,False,False,32.98845184814365,-96.90007572065274,"May 01, 2021"
Garland City Council,TX,LOCAL,US,9,2 years,https://www.garlandtx.gov/758/City-Council,2021-05-01 05:00:00+00:00,"Mayor, and Districts 1, 3, 6, 7 and 8",,False,False,32.906459709077566,-96.63440619853634,"May 01, 2021"
Lewisville City Council,TX,LOCAL,US,5,3 years,https://www.cityoflewisville.com/about-us/mayor-and-council/city-council-bios,2021-05-01 05:00:00+00:00,Mayor and City Council positions,,False,False,33.04527001162522,-96.98234200937068,"May 01, 2021"
Killeen City Council,TX,LOCAL,US,8,2 years,http://www.killeentexas.gov/153/City-Council,2021-05-01 05:00:00+00:00,district councilmembers,,False,False,31.077293682062894,-97.7287514081938,"May 01, 2021"
Tyler City Council,TX,LOCAL,US,7,2 years,https://www.cityoftyler.org/government/government/mayor-and-council,2021-05-01 05:00:00+00:00,"Districts 1, 3, and 5",https://www.cityoftyler.org/Departments/CityClerk/Elections.aspx,False,False,32.316911273097105,-95.30337688310681,"May 01, 2021"
Denton City Council,TX,LOCAL,US,7,2 years,https://www.cityofdenton.com/government/city-officials/city-council,2021-05-01 05:00:00+00:00,The four district councilpersons.,,False,False,33.208602042350904,-97.13302461102921,"May 01, 2021"
Grand Prairie City Council,TX,LOCAL,US,9,3 years,https://www.gptx.org/city-government/mayor-and-city-council,2021-05-01 05:00:00+00:00,"Districts 5, 6 and 8",https://www.gptx.org/city-government/city-secretary/elections,False,False,32.6928520180158,-97.01641480368535,"May 01, 2021"
Sugar Land City Council,TX,LOCAL,US,7,2 years,https://www.sugarlandtx.gov/160/Mayor-City-Council,2021-05-01 05:00:00+00:00,"Districts 1, 2, 3, 4",,False,False,29.59293554898028,-95.63462102015225,"May 01, 2021"
Richardson City Council,TX,LOCAL,US,7,2 years,http://www.cor.net/index.aspx?page=112,2021-05-01 05:00:00+00:00,All seats,https://www.cor.net/government/city-secretary/elections,False,False,32.97165692529825,-96.70930454795182,"May 01, 2021"
Waco City Council,TX,LOCAL,US,6,2 years,http://www.waco-texas.com/council.asp,2021-05-01 05:00:00+00:00,"District II, IV and V",,False,False,31.552912032180217,-97.16462092430793,"May 01, 2021"
Beaumont City Council,TX,LOCAL,US,7,2 years,https://beaumonttexas.gov/city-council/,2021-05-01 05:00:00+00:00,,,False,False,30.087078854922346,-94.14725085630997,"May 01, 2021"
Plano City Council,TX,LOCAL,US,8,4 years,https://www.plano.gov/1786/Mayor-City-Council,2021-05-01 05:00:00+00:00,Even,,False,False,33.05023649100761,-96.748687524146,"May 01, 2021"
McKinney City Council,TX,LOCAL,US,7,4 years,https://www.mckinneytexas.org/138/City-Council,2021-05-01 05:00:00+00:00,"Mayor, Council Member at-large 1, District 1, District 3",,False,False,33.19775063329477,-96.67474685073554,"May 01, 2021"
San Angelo City Council,TX,LOCAL,US,7,4 years,http://www.cosatx.us/government/city-council,2021-05-04 05:00:00+00:00,,,False,False,31.449167204957156,-100.45412100508076,"May 04, 2021"
Lincoln City Council,NE,LOCAL,US,7,4 years,https://lincoln.ne.gov/city/council/index.htm,2021-05-04 05:00:00+00:00,,,False,False,40.806965934428185,-96.67945325121656,"May 04, 2021"
National Assembly of Wales,Wales,STATE,UK,60,5 years,http://www.assemblywales.org/,2021-05-06 05:00:00+00:00,,,False,False,52.06687121642699,-3.5542457313238125,"May 06, 2021"
Northern Ireland Assembly,Northern Ireland,STATE,UK,90,5 Years,http://www.niassembly.gov.uk/,2021-05-06 05:00:00+00:00,,,False,False,54.62091529783607,-6.334902542894506,"May 06, 2021"
London Assembly,,LOCAL,UK,25,,https://www.london.gov.uk/about-us/london-assembly/about-london-assembly,2021-05-06 05:00:00+00:00,"25 seats in the London Assembly, rescheduled from 2020 due to COVID-19",https://en.wikipedia.org/wiki/2020_London_Assembly_election,False,False,51.50532031688486,-0.11634359329592713,"May 06, 2021"
Mayor of London,,LOCAL,UK,1,4 years,http://www.london.gov.uk/mayor/,2021-05-06 05:00:00+00:00,rescheduled from 2020 due to COVID-19,https://en.wikipedia.org/wiki/2020_London_mayoral_election,False,False,51.50532031688486,-0.11634359329592713,"May 06, 2021"
The Scottish Parliament,SCT,STATE,UK,129,4 years,http://www.scottish.parliament.uk/,2021-05-06 05:00:00+00:00,,,False,False,56.250193138770804,-3.7662434193847902,"May 06, 2021"
Pearland City Council,TX,LOCAL,US,7,3 years,https://www.pearlandtx.gov/government/city-council,2021-05-08 05:00:00+00:00,2 and 4,,False,False,29.55851866077036,-95.3200788346492,"May 08, 2021"
Omaha City Council,NE,LOCAL,US,7,4 years,https://citycouncil.cityofomaha.org/,2021-05-11 05:00:00+00:00,,,False,False,41.26126364732161,-96.04575312407154,"May 11, 2021"
Omaha Mayor,NE,LOCAL,US,1,,https://mayors-office.cityofomaha.org/,2021-05-11 05:00:00+00:00,,,False,False,41.26126364732161,-96.04575312407154,"May 11, 2021"
